dataset,layer_name,layer_idx,method,error,k,ft_method
Cars,model.visual.transformer.resblocks.0.mlp.c_fc.weight,13,EigenCov,0.8481189804004521,8,linear
Cars,model.visual.transformer.resblocks.0.mlp.c_fc.weight,13,EigenCov,0.7730071533948748,32,linear
Cars,model.visual.transformer.resblocks.0.mlp.c_fc.weight,13,EigenCov,0.7207618593358486,64,linear
Cars,model.visual.transformer.resblocks.0.mlp.c_proj.weight,15,EigenCov,0.9661609664588845,8,linear
Cars,model.visual.transformer.resblocks.0.mlp.c_proj.weight,15,EigenCov,0.9242339305045176,32,linear
Cars,model.visual.transformer.resblocks.0.mlp.c_proj.weight,15,EigenCov,0.8680759864826098,64,linear
Cars,model.visual.transformer.resblocks.1.mlp.c_fc.weight,21,EigenCov,0.8633795130799986,8,linear
Cars,model.visual.transformer.resblocks.1.mlp.c_fc.weight,21,EigenCov,0.8208752238666344,32,linear
Cars,model.visual.transformer.resblocks.1.mlp.c_fc.weight,21,EigenCov,0.7692278192123881,64,linear
Cars,model.visual.transformer.resblocks.1.mlp.c_proj.weight,23,EigenCov,0.9606289515882407,8,linear
Cars,model.visual.transformer.resblocks.1.mlp.c_proj.weight,23,EigenCov,0.9224779686990969,32,linear
Cars,model.visual.transformer.resblocks.1.mlp.c_proj.weight,23,EigenCov,0.9078211608268771,64,linear
Cars,model.visual.transformer.resblocks.2.mlp.c_fc.weight,29,EigenCov,0.8486193345314265,8,linear
Cars,model.visual.transformer.resblocks.2.mlp.c_fc.weight,29,EigenCov,0.7574659630464099,32,linear
Cars,model.visual.transformer.resblocks.2.mlp.c_fc.weight,29,EigenCov,0.6747709323415493,64,linear
Cars,model.visual.transformer.resblocks.2.mlp.c_proj.weight,31,EigenCov,0.9632715340448795,8,linear
Cars,model.visual.transformer.resblocks.2.mlp.c_proj.weight,31,EigenCov,0.9494780950576012,32,linear
Cars,model.visual.transformer.resblocks.2.mlp.c_proj.weight,31,EigenCov,0.9327295705830704,64,linear
Cars,model.visual.transformer.resblocks.3.mlp.c_fc.weight,37,EigenCov,0.8704365240568231,8,linear
Cars,model.visual.transformer.resblocks.3.mlp.c_fc.weight,37,EigenCov,0.7823606202576835,32,linear
Cars,model.visual.transformer.resblocks.3.mlp.c_fc.weight,37,EigenCov,0.7135291443507498,64,linear
Cars,model.visual.transformer.resblocks.3.mlp.c_proj.weight,39,EigenCov,0.9803937983702746,8,linear
Cars,model.visual.transformer.resblocks.3.mlp.c_proj.weight,39,EigenCov,0.9541948611125262,32,linear
Cars,model.visual.transformer.resblocks.3.mlp.c_proj.weight,39,EigenCov,0.9390249559410712,64,linear
Cars,model.visual.transformer.resblocks.4.mlp.c_fc.weight,45,EigenCov,0.8507205642989545,8,linear
Cars,model.visual.transformer.resblocks.4.mlp.c_fc.weight,45,EigenCov,0.7788270704440554,32,linear
Cars,model.visual.transformer.resblocks.4.mlp.c_fc.weight,45,EigenCov,0.7423320520806935,64,linear
Cars,model.visual.transformer.resblocks.4.mlp.c_proj.weight,47,EigenCov,0.973537594467464,8,linear
Cars,model.visual.transformer.resblocks.4.mlp.c_proj.weight,47,EigenCov,0.9513948313135151,32,linear
Cars,model.visual.transformer.resblocks.4.mlp.c_proj.weight,47,EigenCov,0.9355171225653341,64,linear
Cars,model.visual.transformer.resblocks.5.mlp.c_fc.weight,53,EigenCov,0.8016617647611085,8,linear
Cars,model.visual.transformer.resblocks.5.mlp.c_fc.weight,53,EigenCov,0.7659065680342717,32,linear
Cars,model.visual.transformer.resblocks.5.mlp.c_fc.weight,53,EigenCov,0.7346731332913858,64,linear
Cars,model.visual.transformer.resblocks.5.mlp.c_proj.weight,55,EigenCov,0.9466783872367953,8,linear
Cars,model.visual.transformer.resblocks.5.mlp.c_proj.weight,55,EigenCov,0.9489221460231853,32,linear
Cars,model.visual.transformer.resblocks.5.mlp.c_proj.weight,55,EigenCov,0.9337213140505563,64,linear
DTD,model.visual.transformer.resblocks.0.mlp.c_fc.weight,13,EigenCov,0.8429008406169027,8,linear
DTD,model.visual.transformer.resblocks.0.mlp.c_fc.weight,13,EigenCov,0.7777767775384967,32,linear
DTD,model.visual.transformer.resblocks.0.mlp.c_fc.weight,13,EigenCov,0.7215501390570588,64,linear
DTD,model.visual.transformer.resblocks.0.mlp.c_proj.weight,15,EigenCov,0.9644814208141789,8,linear
DTD,model.visual.transformer.resblocks.0.mlp.c_proj.weight,15,EigenCov,0.9134744921454061,32,linear
DTD,model.visual.transformer.resblocks.0.mlp.c_proj.weight,15,EigenCov,0.858197939231965,64,linear
DTD,model.visual.transformer.resblocks.1.mlp.c_fc.weight,21,EigenCov,0.8819513232854751,8,linear
DTD,model.visual.transformer.resblocks.1.mlp.c_fc.weight,21,EigenCov,0.838397975416339,32,linear
DTD,model.visual.transformer.resblocks.1.mlp.c_fc.weight,21,EigenCov,0.7952489426753673,64,linear
DTD,model.visual.transformer.resblocks.1.mlp.c_proj.weight,23,EigenCov,0.9569592586568217,8,linear
DTD,model.visual.transformer.resblocks.1.mlp.c_proj.weight,23,EigenCov,0.9289472621252532,32,linear
DTD,model.visual.transformer.resblocks.1.mlp.c_proj.weight,23,EigenCov,0.9190412643584386,64,linear
DTD,model.visual.transformer.resblocks.2.mlp.c_fc.weight,29,EigenCov,0.8512582679017391,8,linear
DTD,model.visual.transformer.resblocks.2.mlp.c_fc.weight,29,EigenCov,0.7697408991546469,32,linear
DTD,model.visual.transformer.resblocks.2.mlp.c_fc.weight,29,EigenCov,0.6681374526196329,64,linear
DTD,model.visual.transformer.resblocks.2.mlp.c_proj.weight,31,EigenCov,0.9615989645946212,8,linear
DTD,model.visual.transformer.resblocks.2.mlp.c_proj.weight,31,EigenCov,0.9538161074170718,32,linear
DTD,model.visual.transformer.resblocks.2.mlp.c_proj.weight,31,EigenCov,0.9360161817206898,64,linear
DTD,model.visual.transformer.resblocks.3.mlp.c_fc.weight,37,EigenCov,0.8628764757973137,8,linear
DTD,model.visual.transformer.resblocks.3.mlp.c_fc.weight,37,EigenCov,0.7925944828597419,32,linear
DTD,model.visual.transformer.resblocks.3.mlp.c_fc.weight,37,EigenCov,0.7062063467595975,64,linear
DTD,model.visual.transformer.resblocks.3.mlp.c_proj.weight,39,EigenCov,0.9749703974808719,8,linear
DTD,model.visual.transformer.resblocks.3.mlp.c_proj.weight,39,EigenCov,0.9571467572983516,32,linear
DTD,model.visual.transformer.resblocks.3.mlp.c_proj.weight,39,EigenCov,0.9402194042449248,64,linear
DTD,model.visual.transformer.resblocks.4.mlp.c_fc.weight,45,EigenCov,0.8649110560763529,8,linear
DTD,model.visual.transformer.resblocks.4.mlp.c_fc.weight,45,EigenCov,0.794937679248523,32,linear
DTD,model.visual.transformer.resblocks.4.mlp.c_fc.weight,45,EigenCov,0.7563778048718893,64,linear
DTD,model.visual.transformer.resblocks.4.mlp.c_proj.weight,47,EigenCov,0.968573012520557,8,linear
DTD,model.visual.transformer.resblocks.4.mlp.c_proj.weight,47,EigenCov,0.951536609049898,32,linear
DTD,model.visual.transformer.resblocks.4.mlp.c_proj.weight,47,EigenCov,0.9368628216138082,64,linear
DTD,model.visual.transformer.resblocks.5.mlp.c_fc.weight,53,EigenCov,0.809725172281508,8,linear
DTD,model.visual.transformer.resblocks.5.mlp.c_fc.weight,53,EigenCov,0.7682315726544555,32,linear
DTD,model.visual.transformer.resblocks.5.mlp.c_fc.weight,53,EigenCov,0.7316769569754736,64,linear
DTD,model.visual.transformer.resblocks.5.mlp.c_proj.weight,55,EigenCov,0.9451556449780515,8,linear
DTD,model.visual.transformer.resblocks.5.mlp.c_proj.weight,55,EigenCov,0.952173052635629,32,linear
DTD,model.visual.transformer.resblocks.5.mlp.c_proj.weight,55,EigenCov,0.9368576610264353,64,linear
EuroSAT,model.visual.transformer.resblocks.0.mlp.c_fc.weight,13,EigenCov,0.9105576915839539,8,linear
EuroSAT,model.visual.transformer.resblocks.0.mlp.c_fc.weight,13,EigenCov,0.7517776814201464,32,linear
EuroSAT,model.visual.transformer.resblocks.0.mlp.c_fc.weight,13,EigenCov,0.6748783180935,64,linear
EuroSAT,model.visual.transformer.resblocks.0.mlp.c_proj.weight,15,EigenCov,0.9582266721987943,8,linear
EuroSAT,model.visual.transformer.resblocks.0.mlp.c_proj.weight,15,EigenCov,0.8835462423252315,32,linear
EuroSAT,model.visual.transformer.resblocks.0.mlp.c_proj.weight,15,EigenCov,0.8579071249553041,64,linear
EuroSAT,model.visual.transformer.resblocks.1.mlp.c_fc.weight,21,EigenCov,0.8916498971212885,8,linear
EuroSAT,model.visual.transformer.resblocks.1.mlp.c_fc.weight,21,EigenCov,0.8282940310201029,32,linear
EuroSAT,model.visual.transformer.resblocks.1.mlp.c_fc.weight,21,EigenCov,0.75841972786976,64,linear
EuroSAT,model.visual.transformer.resblocks.1.mlp.c_proj.weight,23,EigenCov,0.9622575173504467,8,linear
EuroSAT,model.visual.transformer.resblocks.1.mlp.c_proj.weight,23,EigenCov,0.9242524979143543,32,linear
EuroSAT,model.visual.transformer.resblocks.1.mlp.c_proj.weight,23,EigenCov,0.9045531429819983,64,linear
EuroSAT,model.visual.transformer.resblocks.2.mlp.c_fc.weight,29,EigenCov,0.8893066470694732,8,linear
EuroSAT,model.visual.transformer.resblocks.2.mlp.c_fc.weight,29,EigenCov,0.8449694969226653,32,linear
EuroSAT,model.visual.transformer.resblocks.2.mlp.c_fc.weight,29,EigenCov,0.7621487075926239,64,linear
EuroSAT,model.visual.transformer.resblocks.2.mlp.c_proj.weight,31,EigenCov,0.9617172379220201,8,linear
EuroSAT,model.visual.transformer.resblocks.2.mlp.c_proj.weight,31,EigenCov,0.9452015805353352,32,linear
EuroSAT,model.visual.transformer.resblocks.2.mlp.c_proj.weight,31,EigenCov,0.9236929267471804,64,linear
EuroSAT,model.visual.transformer.resblocks.3.mlp.c_fc.weight,37,EigenCov,0.9052129607027032,8,linear
EuroSAT,model.visual.transformer.resblocks.3.mlp.c_fc.weight,37,EigenCov,0.8242825045607661,32,linear
EuroSAT,model.visual.transformer.resblocks.3.mlp.c_fc.weight,37,EigenCov,0.7411412465443972,64,linear
EuroSAT,model.visual.transformer.resblocks.3.mlp.c_proj.weight,39,EigenCov,0.9714728555631988,8,linear
EuroSAT,model.visual.transformer.resblocks.3.mlp.c_proj.weight,39,EigenCov,0.9493564946220813,32,linear
EuroSAT,model.visual.transformer.resblocks.3.mlp.c_proj.weight,39,EigenCov,0.9313343906086091,64,linear
EuroSAT,model.visual.transformer.resblocks.4.mlp.c_fc.weight,45,EigenCov,0.8902745135544853,8,linear
EuroSAT,model.visual.transformer.resblocks.4.mlp.c_fc.weight,45,EigenCov,0.8284335012460148,32,linear
EuroSAT,model.visual.transformer.resblocks.4.mlp.c_fc.weight,45,EigenCov,0.7708340520322028,64,linear
EuroSAT,model.visual.transformer.resblocks.4.mlp.c_proj.weight,47,EigenCov,0.966725501578774,8,linear
EuroSAT,model.visual.transformer.resblocks.4.mlp.c_proj.weight,47,EigenCov,0.9445571948205411,32,linear
EuroSAT,model.visual.transformer.resblocks.4.mlp.c_proj.weight,47,EigenCov,0.9268010422744901,64,linear
EuroSAT,model.visual.transformer.resblocks.5.mlp.c_fc.weight,53,EigenCov,0.8348737093076293,8,linear
EuroSAT,model.visual.transformer.resblocks.5.mlp.c_fc.weight,53,EigenCov,0.8059565247150058,32,linear
EuroSAT,model.visual.transformer.resblocks.5.mlp.c_fc.weight,53,EigenCov,0.7674647197146355,64,linear
EuroSAT,model.visual.transformer.resblocks.5.mlp.c_proj.weight,55,EigenCov,0.9493732374887548,8,linear
EuroSAT,model.visual.transformer.resblocks.5.mlp.c_proj.weight,55,EigenCov,0.9469882375963241,32,linear
EuroSAT,model.visual.transformer.resblocks.5.mlp.c_proj.weight,55,EigenCov,0.9310140547365355,64,linear
GTSRB,model.visual.transformer.resblocks.0.mlp.c_fc.weight,13,EigenCov,0.8770404580358123,8,linear
GTSRB,model.visual.transformer.resblocks.0.mlp.c_fc.weight,13,EigenCov,0.7594008374078868,32,linear
GTSRB,model.visual.transformer.resblocks.0.mlp.c_fc.weight,13,EigenCov,0.6684571054727895,64,linear
GTSRB,model.visual.transformer.resblocks.0.mlp.c_proj.weight,15,EigenCov,0.9647106692963242,8,linear
GTSRB,model.visual.transformer.resblocks.0.mlp.c_proj.weight,15,EigenCov,0.8801620903988442,32,linear
GTSRB,model.visual.transformer.resblocks.0.mlp.c_proj.weight,15,EigenCov,0.8425639397857689,64,linear
GTSRB,model.visual.transformer.resblocks.1.mlp.c_fc.weight,21,EigenCov,0.8891591273884298,8,linear
GTSRB,model.visual.transformer.resblocks.1.mlp.c_fc.weight,21,EigenCov,0.8126272691715866,32,linear
GTSRB,model.visual.transformer.resblocks.1.mlp.c_fc.weight,21,EigenCov,0.7451784195808101,64,linear
GTSRB,model.visual.transformer.resblocks.1.mlp.c_proj.weight,23,EigenCov,0.963829414948527,8,linear
GTSRB,model.visual.transformer.resblocks.1.mlp.c_proj.weight,23,EigenCov,0.9163202428495641,32,linear
GTSRB,model.visual.transformer.resblocks.1.mlp.c_proj.weight,23,EigenCov,0.8982641324672229,64,linear
GTSRB,model.visual.transformer.resblocks.2.mlp.c_fc.weight,29,EigenCov,0.8713406925202279,8,linear
GTSRB,model.visual.transformer.resblocks.2.mlp.c_fc.weight,29,EigenCov,0.8328246936723875,32,linear
GTSRB,model.visual.transformer.resblocks.2.mlp.c_fc.weight,29,EigenCov,0.7563245293963632,64,linear
GTSRB,model.visual.transformer.resblocks.2.mlp.c_proj.weight,31,EigenCov,0.9703968044012192,8,linear
GTSRB,model.visual.transformer.resblocks.2.mlp.c_proj.weight,31,EigenCov,0.9464679208166236,32,linear
GTSRB,model.visual.transformer.resblocks.2.mlp.c_proj.weight,31,EigenCov,0.9263381072307448,64,linear
GTSRB,model.visual.transformer.resblocks.3.mlp.c_fc.weight,37,EigenCov,0.8697649311836846,8,linear
GTSRB,model.visual.transformer.resblocks.3.mlp.c_fc.weight,37,EigenCov,0.7927877771089664,32,linear
GTSRB,model.visual.transformer.resblocks.3.mlp.c_fc.weight,37,EigenCov,0.7325240522145368,64,linear
GTSRB,model.visual.transformer.resblocks.3.mlp.c_proj.weight,39,EigenCov,0.9818484959016401,8,linear
GTSRB,model.visual.transformer.resblocks.3.mlp.c_proj.weight,39,EigenCov,0.9571355953872359,32,linear
GTSRB,model.visual.transformer.resblocks.3.mlp.c_proj.weight,39,EigenCov,0.9381130497958836,64,linear
GTSRB,model.visual.transformer.resblocks.4.mlp.c_fc.weight,45,EigenCov,0.8361213748530125,8,linear
GTSRB,model.visual.transformer.resblocks.4.mlp.c_fc.weight,45,EigenCov,0.8037091168422896,32,linear
GTSRB,model.visual.transformer.resblocks.4.mlp.c_fc.weight,45,EigenCov,0.7682875298366497,64,linear
GTSRB,model.visual.transformer.resblocks.4.mlp.c_proj.weight,47,EigenCov,0.9733773566473128,8,linear
GTSRB,model.visual.transformer.resblocks.4.mlp.c_proj.weight,47,EigenCov,0.9507366005358948,32,linear
GTSRB,model.visual.transformer.resblocks.4.mlp.c_proj.weight,47,EigenCov,0.930731284904897,64,linear
GTSRB,model.visual.transformer.resblocks.5.mlp.c_fc.weight,53,EigenCov,0.8128014593806323,8,linear
GTSRB,model.visual.transformer.resblocks.5.mlp.c_fc.weight,53,EigenCov,0.7848133965623214,32,linear
GTSRB,model.visual.transformer.resblocks.5.mlp.c_fc.weight,53,EigenCov,0.7504247637732877,64,linear
GTSRB,model.visual.transformer.resblocks.5.mlp.c_proj.weight,55,EigenCov,0.9530267241838422,8,linear
GTSRB,model.visual.transformer.resblocks.5.mlp.c_proj.weight,55,EigenCov,0.9509549017590613,32,linear
GTSRB,model.visual.transformer.resblocks.5.mlp.c_proj.weight,55,EigenCov,0.933708412582124,64,linear
MNIST,model.visual.transformer.resblocks.0.mlp.c_fc.weight,13,EigenCov,0.9010022370603787,8,linear
MNIST,model.visual.transformer.resblocks.0.mlp.c_fc.weight,13,EigenCov,0.7734141338463236,32,linear
MNIST,model.visual.transformer.resblocks.0.mlp.c_fc.weight,13,EigenCov,0.6954897040608568,64,linear
MNIST,model.visual.transformer.resblocks.0.mlp.c_proj.weight,15,EigenCov,0.9748005003145629,8,linear
MNIST,model.visual.transformer.resblocks.0.mlp.c_proj.weight,15,EigenCov,0.9086347304160717,32,linear
MNIST,model.visual.transformer.resblocks.0.mlp.c_proj.weight,15,EigenCov,0.8811976905700937,64,linear
MNIST,model.visual.transformer.resblocks.1.mlp.c_fc.weight,21,EigenCov,0.8779922792735957,8,linear
MNIST,model.visual.transformer.resblocks.1.mlp.c_fc.weight,21,EigenCov,0.8315406982528442,32,linear
MNIST,model.visual.transformer.resblocks.1.mlp.c_fc.weight,21,EigenCov,0.7709933472218456,64,linear
MNIST,model.visual.transformer.resblocks.1.mlp.c_proj.weight,23,EigenCov,0.9692443370785245,8,linear
MNIST,model.visual.transformer.resblocks.1.mlp.c_proj.weight,23,EigenCov,0.9288600060316277,32,linear
MNIST,model.visual.transformer.resblocks.1.mlp.c_proj.weight,23,EigenCov,0.9070561796398356,64,linear
MNIST,model.visual.transformer.resblocks.2.mlp.c_fc.weight,29,EigenCov,0.8919532542536778,8,linear
MNIST,model.visual.transformer.resblocks.2.mlp.c_fc.weight,29,EigenCov,0.8499135259274698,32,linear
MNIST,model.visual.transformer.resblocks.2.mlp.c_fc.weight,29,EigenCov,0.7975441898004547,64,linear
MNIST,model.visual.transformer.resblocks.2.mlp.c_proj.weight,31,EigenCov,0.9672061077131591,8,linear
MNIST,model.visual.transformer.resblocks.2.mlp.c_proj.weight,31,EigenCov,0.9423148312730407,32,linear
MNIST,model.visual.transformer.resblocks.2.mlp.c_proj.weight,31,EigenCov,0.9221649375388578,64,linear
MNIST,model.visual.transformer.resblocks.3.mlp.c_fc.weight,37,EigenCov,0.8880937015072238,8,linear
MNIST,model.visual.transformer.resblocks.3.mlp.c_fc.weight,37,EigenCov,0.8382775555675717,32,linear
MNIST,model.visual.transformer.resblocks.3.mlp.c_fc.weight,37,EigenCov,0.7880106117569509,64,linear
MNIST,model.visual.transformer.resblocks.3.mlp.c_proj.weight,39,EigenCov,0.9774731340703594,8,linear
MNIST,model.visual.transformer.resblocks.3.mlp.c_proj.weight,39,EigenCov,0.9505213044426442,32,linear
MNIST,model.visual.transformer.resblocks.3.mlp.c_proj.weight,39,EigenCov,0.9317026895868543,64,linear
MNIST,model.visual.transformer.resblocks.4.mlp.c_fc.weight,45,EigenCov,0.8603111681099374,8,linear
MNIST,model.visual.transformer.resblocks.4.mlp.c_fc.weight,45,EigenCov,0.844541695213943,32,linear
MNIST,model.visual.transformer.resblocks.4.mlp.c_fc.weight,45,EigenCov,0.8045792846455678,64,linear
MNIST,model.visual.transformer.resblocks.4.mlp.c_proj.weight,47,EigenCov,0.9742787882959729,8,linear
MNIST,model.visual.transformer.resblocks.4.mlp.c_proj.weight,47,EigenCov,0.9487085671470293,32,linear
MNIST,model.visual.transformer.resblocks.4.mlp.c_proj.weight,47,EigenCov,0.9280165123827893,64,linear
MNIST,model.visual.transformer.resblocks.5.mlp.c_fc.weight,53,EigenCov,0.8499884931862612,8,linear
MNIST,model.visual.transformer.resblocks.5.mlp.c_fc.weight,53,EigenCov,0.832163833406091,32,linear
MNIST,model.visual.transformer.resblocks.5.mlp.c_fc.weight,53,EigenCov,0.793302186979932,64,linear
MNIST,model.visual.transformer.resblocks.5.mlp.c_proj.weight,55,EigenCov,0.9532738961194136,8,linear
MNIST,model.visual.transformer.resblocks.5.mlp.c_proj.weight,55,EigenCov,0.9493234381930078,32,linear
MNIST,model.visual.transformer.resblocks.5.mlp.c_proj.weight,55,EigenCov,0.9284320155572984,64,linear
SVHN,model.visual.transformer.resblocks.0.mlp.c_fc.weight,13,EigenCov,0.902308395313051,8,linear
SVHN,model.visual.transformer.resblocks.0.mlp.c_fc.weight,13,EigenCov,0.7789188878955888,32,linear
SVHN,model.visual.transformer.resblocks.0.mlp.c_fc.weight,13,EigenCov,0.7161017730471304,64,linear
SVHN,model.visual.transformer.resblocks.0.mlp.c_proj.weight,15,EigenCov,0.9454841700734853,8,linear
SVHN,model.visual.transformer.resblocks.0.mlp.c_proj.weight,15,EigenCov,0.8885927677253771,32,linear
SVHN,model.visual.transformer.resblocks.0.mlp.c_proj.weight,15,EigenCov,0.878503712179459,64,linear
SVHN,model.visual.transformer.resblocks.1.mlp.c_fc.weight,21,EigenCov,0.9071657585176063,8,linear
SVHN,model.visual.transformer.resblocks.1.mlp.c_fc.weight,21,EigenCov,0.8249843633851992,32,linear
SVHN,model.visual.transformer.resblocks.1.mlp.c_fc.weight,21,EigenCov,0.7735430568390115,64,linear
SVHN,model.visual.transformer.resblocks.1.mlp.c_proj.weight,23,EigenCov,0.9677049592791755,8,linear
SVHN,model.visual.transformer.resblocks.1.mlp.c_proj.weight,23,EigenCov,0.9221211095216002,32,linear
SVHN,model.visual.transformer.resblocks.1.mlp.c_proj.weight,23,EigenCov,0.8919682158722867,64,linear
SVHN,model.visual.transformer.resblocks.2.mlp.c_fc.weight,29,EigenCov,0.9092106420992138,8,linear
SVHN,model.visual.transformer.resblocks.2.mlp.c_fc.weight,29,EigenCov,0.8719795509424983,32,linear
SVHN,model.visual.transformer.resblocks.2.mlp.c_fc.weight,29,EigenCov,0.7895831489768601,64,linear
SVHN,model.visual.transformer.resblocks.2.mlp.c_proj.weight,31,EigenCov,0.964761971157029,8,linear
SVHN,model.visual.transformer.resblocks.2.mlp.c_proj.weight,31,EigenCov,0.9417810987347878,32,linear
SVHN,model.visual.transformer.resblocks.2.mlp.c_proj.weight,31,EigenCov,0.9184685150510377,64,linear
SVHN,model.visual.transformer.resblocks.3.mlp.c_fc.weight,37,EigenCov,0.9050684998146098,8,linear
SVHN,model.visual.transformer.resblocks.3.mlp.c_fc.weight,37,EigenCov,0.8355299008899495,32,linear
SVHN,model.visual.transformer.resblocks.3.mlp.c_fc.weight,37,EigenCov,0.772209120894108,64,linear
SVHN,model.visual.transformer.resblocks.3.mlp.c_proj.weight,39,EigenCov,0.9771595272984359,8,linear
SVHN,model.visual.transformer.resblocks.3.mlp.c_proj.weight,39,EigenCov,0.9495131906819745,32,linear
SVHN,model.visual.transformer.resblocks.3.mlp.c_proj.weight,39,EigenCov,0.930162330147035,64,linear
SVHN,model.visual.transformer.resblocks.4.mlp.c_fc.weight,45,EigenCov,0.883038965662844,8,linear
SVHN,model.visual.transformer.resblocks.4.mlp.c_fc.weight,45,EigenCov,0.8433213441529726,32,linear
SVHN,model.visual.transformer.resblocks.4.mlp.c_fc.weight,45,EigenCov,0.8047009379037848,64,linear
SVHN,model.visual.transformer.resblocks.4.mlp.c_proj.weight,47,EigenCov,0.976081329615088,8,linear
SVHN,model.visual.transformer.resblocks.4.mlp.c_proj.weight,47,EigenCov,0.9464594420572184,32,linear
SVHN,model.visual.transformer.resblocks.4.mlp.c_proj.weight,47,EigenCov,0.9268686611472732,64,linear
SVHN,model.visual.transformer.resblocks.5.mlp.c_fc.weight,53,EigenCov,0.83633382680545,8,linear
SVHN,model.visual.transformer.resblocks.5.mlp.c_fc.weight,53,EigenCov,0.8199991211701214,32,linear
SVHN,model.visual.transformer.resblocks.5.mlp.c_fc.weight,53,EigenCov,0.7848728987432378,64,linear
SVHN,model.visual.transformer.resblocks.5.mlp.c_proj.weight,55,EigenCov,0.9515038745990299,8,linear
SVHN,model.visual.transformer.resblocks.5.mlp.c_proj.weight,55,EigenCov,0.9483010500652383,32,linear
SVHN,model.visual.transformer.resblocks.5.mlp.c_proj.weight,55,EigenCov,0.9266829558928397,64,linear
Cars,model.visual.transformer.resblocks.0.mlp.c_fc.weight,13,EigenCov,0.8488501392415638,8,standard
Cars,model.visual.transformer.resblocks.0.mlp.c_fc.weight,13,EigenCov,0.7146524674299275,32,standard
Cars,model.visual.transformer.resblocks.0.mlp.c_fc.weight,13,EigenCov,0.5851900795736871,64,standard
Cars,model.visual.transformer.resblocks.0.mlp.c_proj.weight,15,EigenCov,0.7282647400137128,8,standard
Cars,model.visual.transformer.resblocks.0.mlp.c_proj.weight,15,EigenCov,0.7418195394878591,32,standard
Cars,model.visual.transformer.resblocks.0.mlp.c_proj.weight,15,EigenCov,0.7417061031887572,64,standard
Cars,model.visual.transformer.resblocks.1.mlp.c_fc.weight,21,EigenCov,0.8411293165315612,8,standard
Cars,model.visual.transformer.resblocks.1.mlp.c_fc.weight,21,EigenCov,0.7433109425346243,32,standard
Cars,model.visual.transformer.resblocks.1.mlp.c_fc.weight,21,EigenCov,0.643812568691531,64,standard
Cars,model.visual.transformer.resblocks.1.mlp.c_proj.weight,23,EigenCov,0.727156705683344,8,standard
Cars,model.visual.transformer.resblocks.1.mlp.c_proj.weight,23,EigenCov,0.7415126942582462,32,standard
Cars,model.visual.transformer.resblocks.1.mlp.c_proj.weight,23,EigenCov,0.7121629547347657,64,standard
Cars,model.visual.transformer.resblocks.2.mlp.c_fc.weight,29,EigenCov,0.8403997139184416,8,standard
Cars,model.visual.transformer.resblocks.2.mlp.c_fc.weight,29,EigenCov,0.686535506003444,32,standard
Cars,model.visual.transformer.resblocks.2.mlp.c_fc.weight,29,EigenCov,0.5824404351413169,64,standard
Cars,model.visual.transformer.resblocks.2.mlp.c_proj.weight,31,EigenCov,0.6063186608904321,8,standard
Cars,model.visual.transformer.resblocks.2.mlp.c_proj.weight,31,EigenCov,0.6414925796307058,32,standard
Cars,model.visual.transformer.resblocks.2.mlp.c_proj.weight,31,EigenCov,0.6413677404236203,64,standard
Cars,model.visual.transformer.resblocks.3.mlp.c_fc.weight,37,EigenCov,0.852368126775271,8,standard
Cars,model.visual.transformer.resblocks.3.mlp.c_fc.weight,37,EigenCov,0.6978245985102086,32,standard
Cars,model.visual.transformer.resblocks.3.mlp.c_fc.weight,37,EigenCov,0.6085969481318438,64,standard
Cars,model.visual.transformer.resblocks.3.mlp.c_proj.weight,39,EigenCov,0.6636769316361675,8,standard
Cars,model.visual.transformer.resblocks.3.mlp.c_proj.weight,39,EigenCov,0.6497289967733985,32,standard
Cars,model.visual.transformer.resblocks.3.mlp.c_proj.weight,39,EigenCov,0.6230613156281706,64,standard
Cars,model.visual.transformer.resblocks.4.mlp.c_fc.weight,45,EigenCov,0.8074386440568527,8,standard
Cars,model.visual.transformer.resblocks.4.mlp.c_fc.weight,45,EigenCov,0.7011980178297539,32,standard
Cars,model.visual.transformer.resblocks.4.mlp.c_fc.weight,45,EigenCov,0.6237071100141953,64,standard
Cars,model.visual.transformer.resblocks.4.mlp.c_proj.weight,47,EigenCov,0.7338085070888486,8,standard
Cars,model.visual.transformer.resblocks.4.mlp.c_proj.weight,47,EigenCov,0.6867975962625258,32,standard
Cars,model.visual.transformer.resblocks.4.mlp.c_proj.weight,47,EigenCov,0.6663521170615824,64,standard
Cars,model.visual.transformer.resblocks.5.mlp.c_fc.weight,53,EigenCov,0.7803680581344308,8,standard
Cars,model.visual.transformer.resblocks.5.mlp.c_fc.weight,53,EigenCov,0.6905755811969806,32,standard
Cars,model.visual.transformer.resblocks.5.mlp.c_fc.weight,53,EigenCov,0.6206359913448899,64,standard
Cars,model.visual.transformer.resblocks.5.mlp.c_proj.weight,55,EigenCov,0.7465330857607315,8,standard
Cars,model.visual.transformer.resblocks.5.mlp.c_proj.weight,55,EigenCov,0.7112553827122956,32,standard
Cars,model.visual.transformer.resblocks.5.mlp.c_proj.weight,55,EigenCov,0.6917253591362904,64,standard
DTD,model.visual.transformer.resblocks.0.mlp.c_fc.weight,13,EigenCov,0.8371712921173318,8,standard
DTD,model.visual.transformer.resblocks.0.mlp.c_fc.weight,13,EigenCov,0.7408447504714338,32,standard
DTD,model.visual.transformer.resblocks.0.mlp.c_fc.weight,13,EigenCov,0.6172251087098717,64,standard
DTD,model.visual.transformer.resblocks.0.mlp.c_proj.weight,15,EigenCov,0.709126677471252,8,standard
DTD,model.visual.transformer.resblocks.0.mlp.c_proj.weight,15,EigenCov,0.7475939502840296,32,standard
DTD,model.visual.transformer.resblocks.0.mlp.c_proj.weight,15,EigenCov,0.7395458661362637,64,standard
DTD,model.visual.transformer.resblocks.1.mlp.c_fc.weight,21,EigenCov,0.849743414109024,8,standard
DTD,model.visual.transformer.resblocks.1.mlp.c_fc.weight,21,EigenCov,0.763526934445262,32,standard
DTD,model.visual.transformer.resblocks.1.mlp.c_fc.weight,21,EigenCov,0.6818364594739643,64,standard
DTD,model.visual.transformer.resblocks.1.mlp.c_proj.weight,23,EigenCov,0.6867324493389949,8,standard
DTD,model.visual.transformer.resblocks.1.mlp.c_proj.weight,23,EigenCov,0.7287763633818712,32,standard
DTD,model.visual.transformer.resblocks.1.mlp.c_proj.weight,23,EigenCov,0.695942393820847,64,standard
DTD,model.visual.transformer.resblocks.2.mlp.c_fc.weight,29,EigenCov,0.8060725441949679,8,standard
DTD,model.visual.transformer.resblocks.2.mlp.c_fc.weight,29,EigenCov,0.7265624412425021,32,standard
DTD,model.visual.transformer.resblocks.2.mlp.c_fc.weight,29,EigenCov,0.6096812406625833,64,standard
DTD,model.visual.transformer.resblocks.2.mlp.c_proj.weight,31,EigenCov,0.5958315624299365,8,standard
DTD,model.visual.transformer.resblocks.2.mlp.c_proj.weight,31,EigenCov,0.6461745183764286,32,standard
DTD,model.visual.transformer.resblocks.2.mlp.c_proj.weight,31,EigenCov,0.6098364377387242,64,standard
DTD,model.visual.transformer.resblocks.3.mlp.c_fc.weight,37,EigenCov,0.8570252195361544,8,standard
DTD,model.visual.transformer.resblocks.3.mlp.c_fc.weight,37,EigenCov,0.763600023497856,32,standard
DTD,model.visual.transformer.resblocks.3.mlp.c_fc.weight,37,EigenCov,0.6653291065058959,64,standard
DTD,model.visual.transformer.resblocks.3.mlp.c_proj.weight,39,EigenCov,0.66746355631913,8,standard
DTD,model.visual.transformer.resblocks.3.mlp.c_proj.weight,39,EigenCov,0.6540059405999381,32,standard
DTD,model.visual.transformer.resblocks.3.mlp.c_proj.weight,39,EigenCov,0.636347551383661,64,standard
DTD,model.visual.transformer.resblocks.4.mlp.c_fc.weight,45,EigenCov,0.8430821143464643,8,standard
DTD,model.visual.transformer.resblocks.4.mlp.c_fc.weight,45,EigenCov,0.7431500607580627,32,standard
DTD,model.visual.transformer.resblocks.4.mlp.c_fc.weight,45,EigenCov,0.6618271167364489,64,standard
DTD,model.visual.transformer.resblocks.4.mlp.c_proj.weight,47,EigenCov,0.7312328424358696,8,standard
DTD,model.visual.transformer.resblocks.4.mlp.c_proj.weight,47,EigenCov,0.688050359796159,32,standard
DTD,model.visual.transformer.resblocks.4.mlp.c_proj.weight,47,EigenCov,0.6523090963460545,64,standard
DTD,model.visual.transformer.resblocks.5.mlp.c_fc.weight,53,EigenCov,0.8172869377581121,8,standard
DTD,model.visual.transformer.resblocks.5.mlp.c_fc.weight,53,EigenCov,0.6993113865360318,32,standard
DTD,model.visual.transformer.resblocks.5.mlp.c_fc.weight,53,EigenCov,0.6358806700083952,64,standard
DTD,model.visual.transformer.resblocks.5.mlp.c_proj.weight,55,EigenCov,0.730039000913799,8,standard
DTD,model.visual.transformer.resblocks.5.mlp.c_proj.weight,55,EigenCov,0.6969264403066353,32,standard
DTD,model.visual.transformer.resblocks.5.mlp.c_proj.weight,55,EigenCov,0.6745383264548149,64,standard
EuroSAT,model.visual.transformer.resblocks.0.mlp.c_fc.weight,13,EigenCov,0.9131808480222088,8,standard
EuroSAT,model.visual.transformer.resblocks.0.mlp.c_fc.weight,13,EigenCov,0.6882148369960128,32,standard
EuroSAT,model.visual.transformer.resblocks.0.mlp.c_fc.weight,13,EigenCov,0.537255166905116,64,standard
EuroSAT,model.visual.transformer.resblocks.0.mlp.c_proj.weight,15,EigenCov,0.7133041836954004,8,standard
EuroSAT,model.visual.transformer.resblocks.0.mlp.c_proj.weight,15,EigenCov,0.7066484112253643,32,standard
EuroSAT,model.visual.transformer.resblocks.0.mlp.c_proj.weight,15,EigenCov,0.6923741512164507,64,standard
EuroSAT,model.visual.transformer.resblocks.1.mlp.c_fc.weight,21,EigenCov,0.8050817099313139,8,standard
EuroSAT,model.visual.transformer.resblocks.1.mlp.c_fc.weight,21,EigenCov,0.6160678926305397,32,standard
EuroSAT,model.visual.transformer.resblocks.1.mlp.c_fc.weight,21,EigenCov,0.5192645624677885,64,standard
EuroSAT,model.visual.transformer.resblocks.1.mlp.c_proj.weight,23,EigenCov,0.7023018664434543,8,standard
EuroSAT,model.visual.transformer.resblocks.1.mlp.c_proj.weight,23,EigenCov,0.5914146117471429,32,standard
EuroSAT,model.visual.transformer.resblocks.1.mlp.c_proj.weight,23,EigenCov,0.5959401522538655,64,standard
EuroSAT,model.visual.transformer.resblocks.2.mlp.c_fc.weight,29,EigenCov,0.7703426227572441,8,standard
EuroSAT,model.visual.transformer.resblocks.2.mlp.c_fc.weight,29,EigenCov,0.6384033060773027,32,standard
EuroSAT,model.visual.transformer.resblocks.2.mlp.c_fc.weight,29,EigenCov,0.5081908147119423,64,standard
EuroSAT,model.visual.transformer.resblocks.2.mlp.c_proj.weight,31,EigenCov,0.6634850326258325,8,standard
EuroSAT,model.visual.transformer.resblocks.2.mlp.c_proj.weight,31,EigenCov,0.5941668277826728,32,standard
EuroSAT,model.visual.transformer.resblocks.2.mlp.c_proj.weight,31,EigenCov,0.5659240131998505,64,standard
EuroSAT,model.visual.transformer.resblocks.3.mlp.c_fc.weight,37,EigenCov,0.7871136088607003,8,standard
EuroSAT,model.visual.transformer.resblocks.3.mlp.c_fc.weight,37,EigenCov,0.6318174565408422,32,standard
EuroSAT,model.visual.transformer.resblocks.3.mlp.c_fc.weight,37,EigenCov,0.5451172838222315,64,standard
EuroSAT,model.visual.transformer.resblocks.3.mlp.c_proj.weight,39,EigenCov,0.6689800200028714,8,standard
EuroSAT,model.visual.transformer.resblocks.3.mlp.c_proj.weight,39,EigenCov,0.6163454915065083,32,standard
EuroSAT,model.visual.transformer.resblocks.3.mlp.c_proj.weight,39,EigenCov,0.585503319638123,64,standard
EuroSAT,model.visual.transformer.resblocks.4.mlp.c_fc.weight,45,EigenCov,0.7410838729518737,8,standard
EuroSAT,model.visual.transformer.resblocks.4.mlp.c_fc.weight,45,EigenCov,0.6304108947511631,32,standard
EuroSAT,model.visual.transformer.resblocks.4.mlp.c_fc.weight,45,EigenCov,0.5806247052414598,64,standard
EuroSAT,model.visual.transformer.resblocks.4.mlp.c_proj.weight,47,EigenCov,0.6668113894643756,8,standard
EuroSAT,model.visual.transformer.resblocks.4.mlp.c_proj.weight,47,EigenCov,0.6320978458945896,32,standard
EuroSAT,model.visual.transformer.resblocks.4.mlp.c_proj.weight,47,EigenCov,0.6154687255648029,64,standard
EuroSAT,model.visual.transformer.resblocks.5.mlp.c_fc.weight,53,EigenCov,0.7422084891598134,8,standard
EuroSAT,model.visual.transformer.resblocks.5.mlp.c_fc.weight,53,EigenCov,0.6174511110003376,32,standard
EuroSAT,model.visual.transformer.resblocks.5.mlp.c_fc.weight,53,EigenCov,0.5829009796188527,64,standard
EuroSAT,model.visual.transformer.resblocks.5.mlp.c_proj.weight,55,EigenCov,0.7495510411416695,8,standard
EuroSAT,model.visual.transformer.resblocks.5.mlp.c_proj.weight,55,EigenCov,0.6510524881861205,32,standard
EuroSAT,model.visual.transformer.resblocks.5.mlp.c_proj.weight,55,EigenCov,0.6348462378585967,64,standard
GTSRB,model.visual.transformer.resblocks.0.mlp.c_fc.weight,13,EigenCov,0.9057388584379614,8,standard
GTSRB,model.visual.transformer.resblocks.0.mlp.c_fc.weight,13,EigenCov,0.6637186814767829,32,standard
GTSRB,model.visual.transformer.resblocks.0.mlp.c_fc.weight,13,EigenCov,0.582430796985488,64,standard
GTSRB,model.visual.transformer.resblocks.0.mlp.c_proj.weight,15,EigenCov,0.7373310559804636,8,standard
GTSRB,model.visual.transformer.resblocks.0.mlp.c_proj.weight,15,EigenCov,0.7297792181651883,32,standard
GTSRB,model.visual.transformer.resblocks.0.mlp.c_proj.weight,15,EigenCov,0.717370063285011,64,standard
GTSRB,model.visual.transformer.resblocks.1.mlp.c_fc.weight,21,EigenCov,0.7671197282486579,8,standard
GTSRB,model.visual.transformer.resblocks.1.mlp.c_fc.weight,21,EigenCov,0.62736610785312,32,standard
GTSRB,model.visual.transformer.resblocks.1.mlp.c_fc.weight,21,EigenCov,0.5669233078209188,64,standard
GTSRB,model.visual.transformer.resblocks.1.mlp.c_proj.weight,23,EigenCov,0.662618535612443,8,standard
GTSRB,model.visual.transformer.resblocks.1.mlp.c_proj.weight,23,EigenCov,0.6754704030014722,32,standard
GTSRB,model.visual.transformer.resblocks.1.mlp.c_proj.weight,23,EigenCov,0.6317835810347631,64,standard
GTSRB,model.visual.transformer.resblocks.2.mlp.c_fc.weight,29,EigenCov,0.6752446962795847,8,standard
GTSRB,model.visual.transformer.resblocks.2.mlp.c_fc.weight,29,EigenCov,0.6214850149449399,32,standard
GTSRB,model.visual.transformer.resblocks.2.mlp.c_fc.weight,29,EigenCov,0.5302509217477541,64,standard
GTSRB,model.visual.transformer.resblocks.2.mlp.c_proj.weight,31,EigenCov,0.6104469581122098,8,standard
GTSRB,model.visual.transformer.resblocks.2.mlp.c_proj.weight,31,EigenCov,0.640668905718616,32,standard
GTSRB,model.visual.transformer.resblocks.2.mlp.c_proj.weight,31,EigenCov,0.6250418048690066,64,standard
GTSRB,model.visual.transformer.resblocks.3.mlp.c_fc.weight,37,EigenCov,0.6274265860926748,8,standard
GTSRB,model.visual.transformer.resblocks.3.mlp.c_fc.weight,37,EigenCov,0.6000628926773975,32,standard
GTSRB,model.visual.transformer.resblocks.3.mlp.c_fc.weight,37,EigenCov,0.5391261454462594,64,standard
GTSRB,model.visual.transformer.resblocks.3.mlp.c_proj.weight,39,EigenCov,0.5996297246652541,8,standard
GTSRB,model.visual.transformer.resblocks.3.mlp.c_proj.weight,39,EigenCov,0.6176218667751939,32,standard
GTSRB,model.visual.transformer.resblocks.3.mlp.c_proj.weight,39,EigenCov,0.6132748688033948,64,standard
GTSRB,model.visual.transformer.resblocks.4.mlp.c_fc.weight,45,EigenCov,0.7143715951088722,8,standard
GTSRB,model.visual.transformer.resblocks.4.mlp.c_fc.weight,45,EigenCov,0.6463106078311852,32,standard
GTSRB,model.visual.transformer.resblocks.4.mlp.c_fc.weight,45,EigenCov,0.5896917434191563,64,standard
GTSRB,model.visual.transformer.resblocks.4.mlp.c_proj.weight,47,EigenCov,0.6711834778505695,8,standard
GTSRB,model.visual.transformer.resblocks.4.mlp.c_proj.weight,47,EigenCov,0.6689789467421872,32,standard
GTSRB,model.visual.transformer.resblocks.4.mlp.c_proj.weight,47,EigenCov,0.6535269190750678,64,standard
GTSRB,model.visual.transformer.resblocks.5.mlp.c_fc.weight,53,EigenCov,0.7270607025151422,8,standard
GTSRB,model.visual.transformer.resblocks.5.mlp.c_fc.weight,53,EigenCov,0.6733576893446231,32,standard
GTSRB,model.visual.transformer.resblocks.5.mlp.c_fc.weight,53,EigenCov,0.6276165964586244,64,standard
GTSRB,model.visual.transformer.resblocks.5.mlp.c_proj.weight,55,EigenCov,0.7857055981690975,8,standard
GTSRB,model.visual.transformer.resblocks.5.mlp.c_proj.weight,55,EigenCov,0.7142522485207891,32,standard
GTSRB,model.visual.transformer.resblocks.5.mlp.c_proj.weight,55,EigenCov,0.6901911468667239,64,standard
MNIST,model.visual.transformer.resblocks.0.mlp.c_fc.weight,13,EigenCov,0.8596948481620351,8,standard
MNIST,model.visual.transformer.resblocks.0.mlp.c_fc.weight,13,EigenCov,0.7316492675813395,32,standard
MNIST,model.visual.transformer.resblocks.0.mlp.c_fc.weight,13,EigenCov,0.6556794911374927,64,standard
MNIST,model.visual.transformer.resblocks.0.mlp.c_proj.weight,15,EigenCov,0.7161236931758297,8,standard
MNIST,model.visual.transformer.resblocks.0.mlp.c_proj.weight,15,EigenCov,0.7249015703337016,32,standard
MNIST,model.visual.transformer.resblocks.0.mlp.c_proj.weight,15,EigenCov,0.705104789028456,64,standard
MNIST,model.visual.transformer.resblocks.1.mlp.c_fc.weight,21,EigenCov,0.7273945939139971,8,standard
MNIST,model.visual.transformer.resblocks.1.mlp.c_fc.weight,21,EigenCov,0.6524084457345396,32,standard
MNIST,model.visual.transformer.resblocks.1.mlp.c_fc.weight,21,EigenCov,0.5928961266682677,64,standard
MNIST,model.visual.transformer.resblocks.1.mlp.c_proj.weight,23,EigenCov,0.6897914032780693,8,standard
MNIST,model.visual.transformer.resblocks.1.mlp.c_proj.weight,23,EigenCov,0.6980647405882985,32,standard
MNIST,model.visual.transformer.resblocks.1.mlp.c_proj.weight,23,EigenCov,0.6583591261308703,64,standard
MNIST,model.visual.transformer.resblocks.2.mlp.c_fc.weight,29,EigenCov,0.7013831552977785,8,standard
MNIST,model.visual.transformer.resblocks.2.mlp.c_fc.weight,29,EigenCov,0.6039294216182988,32,standard
MNIST,model.visual.transformer.resblocks.2.mlp.c_fc.weight,29,EigenCov,0.5405275864274599,64,standard
MNIST,model.visual.transformer.resblocks.2.mlp.c_proj.weight,31,EigenCov,0.5850533420088514,8,standard
MNIST,model.visual.transformer.resblocks.2.mlp.c_proj.weight,31,EigenCov,0.6769717337095662,32,standard
MNIST,model.visual.transformer.resblocks.2.mlp.c_proj.weight,31,EigenCov,0.6643438137726262,64,standard
MNIST,model.visual.transformer.resblocks.3.mlp.c_fc.weight,37,EigenCov,0.7102937411392518,8,standard
MNIST,model.visual.transformer.resblocks.3.mlp.c_fc.weight,37,EigenCov,0.6089209424083792,32,standard
MNIST,model.visual.transformer.resblocks.3.mlp.c_fc.weight,37,EigenCov,0.5457766626956054,64,standard
MNIST,model.visual.transformer.resblocks.3.mlp.c_proj.weight,39,EigenCov,0.7179470557522182,8,standard
MNIST,model.visual.transformer.resblocks.3.mlp.c_proj.weight,39,EigenCov,0.6811679683326539,32,standard
MNIST,model.visual.transformer.resblocks.3.mlp.c_proj.weight,39,EigenCov,0.6602311292003892,64,standard
MNIST,model.visual.transformer.resblocks.4.mlp.c_fc.weight,45,EigenCov,0.7507631817584057,8,standard
MNIST,model.visual.transformer.resblocks.4.mlp.c_fc.weight,45,EigenCov,0.6339848528295512,32,standard
MNIST,model.visual.transformer.resblocks.4.mlp.c_fc.weight,45,EigenCov,0.5762816535667163,64,standard
MNIST,model.visual.transformer.resblocks.4.mlp.c_proj.weight,47,EigenCov,0.7118442808497164,8,standard
MNIST,model.visual.transformer.resblocks.4.mlp.c_proj.weight,47,EigenCov,0.6890710843698681,32,standard
MNIST,model.visual.transformer.resblocks.4.mlp.c_proj.weight,47,EigenCov,0.6799488228603452,64,standard
MNIST,model.visual.transformer.resblocks.5.mlp.c_fc.weight,53,EigenCov,0.7868574751984158,8,standard
MNIST,model.visual.transformer.resblocks.5.mlp.c_fc.weight,53,EigenCov,0.6418829245415496,32,standard
MNIST,model.visual.transformer.resblocks.5.mlp.c_fc.weight,53,EigenCov,0.5843722403115689,64,standard
MNIST,model.visual.transformer.resblocks.5.mlp.c_proj.weight,55,EigenCov,0.8325456995575297,8,standard
MNIST,model.visual.transformer.resblocks.5.mlp.c_proj.weight,55,EigenCov,0.7109628118497825,32,standard
MNIST,model.visual.transformer.resblocks.5.mlp.c_proj.weight,55,EigenCov,0.6807016614888621,64,standard
SVHN,model.visual.transformer.resblocks.0.mlp.c_fc.weight,13,EigenCov,0.896185389446652,8,standard
SVHN,model.visual.transformer.resblocks.0.mlp.c_fc.weight,13,EigenCov,0.6902944942237884,32,standard
SVHN,model.visual.transformer.resblocks.0.mlp.c_fc.weight,13,EigenCov,0.638101619853511,64,standard
SVHN,model.visual.transformer.resblocks.0.mlp.c_proj.weight,15,EigenCov,0.6814339759932331,8,standard
SVHN,model.visual.transformer.resblocks.0.mlp.c_proj.weight,15,EigenCov,0.7291174992903444,32,standard
SVHN,model.visual.transformer.resblocks.0.mlp.c_proj.weight,15,EigenCov,0.7062467207666914,64,standard
SVHN,model.visual.transformer.resblocks.1.mlp.c_fc.weight,21,EigenCov,0.6821410937950186,8,standard
SVHN,model.visual.transformer.resblocks.1.mlp.c_fc.weight,21,EigenCov,0.6287229240100864,32,standard
SVHN,model.visual.transformer.resblocks.1.mlp.c_fc.weight,21,EigenCov,0.5676377076626068,64,standard
SVHN,model.visual.transformer.resblocks.1.mlp.c_proj.weight,23,EigenCov,0.6480565883122428,8,standard
SVHN,model.visual.transformer.resblocks.1.mlp.c_proj.weight,23,EigenCov,0.63599839719918,32,standard
SVHN,model.visual.transformer.resblocks.1.mlp.c_proj.weight,23,EigenCov,0.6124898144492926,64,standard
SVHN,model.visual.transformer.resblocks.2.mlp.c_fc.weight,29,EigenCov,0.6062709544530194,8,standard
SVHN,model.visual.transformer.resblocks.2.mlp.c_fc.weight,29,EigenCov,0.5583480940233313,32,standard
SVHN,model.visual.transformer.resblocks.2.mlp.c_fc.weight,29,EigenCov,0.4804616506650199,64,standard
SVHN,model.visual.transformer.resblocks.2.mlp.c_proj.weight,31,EigenCov,0.5791732686983213,8,standard
SVHN,model.visual.transformer.resblocks.2.mlp.c_proj.weight,31,EigenCov,0.6193549144650069,32,standard
SVHN,model.visual.transformer.resblocks.2.mlp.c_proj.weight,31,EigenCov,0.6044108010805338,64,standard
SVHN,model.visual.transformer.resblocks.3.mlp.c_fc.weight,37,EigenCov,0.5143344783097757,8,standard
SVHN,model.visual.transformer.resblocks.3.mlp.c_fc.weight,37,EigenCov,0.5599989299447345,32,standard
SVHN,model.visual.transformer.resblocks.3.mlp.c_fc.weight,37,EigenCov,0.5096900032892647,64,standard
SVHN,model.visual.transformer.resblocks.3.mlp.c_proj.weight,39,EigenCov,0.6763069023787381,8,standard
SVHN,model.visual.transformer.resblocks.3.mlp.c_proj.weight,39,EigenCov,0.6176219741012623,32,standard
SVHN,model.visual.transformer.resblocks.3.mlp.c_proj.weight,39,EigenCov,0.6061668427161441,64,standard
SVHN,model.visual.transformer.resblocks.4.mlp.c_fc.weight,45,EigenCov,0.6788635166545726,8,standard
SVHN,model.visual.transformer.resblocks.4.mlp.c_fc.weight,45,EigenCov,0.5721920299258013,32,standard
SVHN,model.visual.transformer.resblocks.4.mlp.c_fc.weight,45,EigenCov,0.5291220432599325,64,standard
SVHN,model.visual.transformer.resblocks.4.mlp.c_proj.weight,47,EigenCov,0.7199956420831862,8,standard
SVHN,model.visual.transformer.resblocks.4.mlp.c_proj.weight,47,EigenCov,0.6588594400660303,32,standard
SVHN,model.visual.transformer.resblocks.4.mlp.c_proj.weight,47,EigenCov,0.6317632422492345,64,standard
SVHN,model.visual.transformer.resblocks.5.mlp.c_fc.weight,53,EigenCov,0.7287802807833685,8,standard
SVHN,model.visual.transformer.resblocks.5.mlp.c_fc.weight,53,EigenCov,0.5906350488491737,32,standard
SVHN,model.visual.transformer.resblocks.5.mlp.c_fc.weight,53,EigenCov,0.5526317820560888,64,standard
SVHN,model.visual.transformer.resblocks.5.mlp.c_proj.weight,55,EigenCov,0.8180713303291601,8,standard
SVHN,model.visual.transformer.resblocks.5.mlp.c_proj.weight,55,EigenCov,0.6974388149572727,32,standard
SVHN,model.visual.transformer.resblocks.5.mlp.c_proj.weight,55,EigenCov,0.6511458392394106,64,standard
Cars,model.visual.transformer.resblocks.0.mlp.c_fc.weight,13,EigenCov,0.9632983655619846,8,lora
Cars,model.visual.transformer.resblocks.0.mlp.c_fc.weight,13,EigenCov,0.9326611733968612,32,lora
Cars,model.visual.transformer.resblocks.0.mlp.c_fc.weight,13,EigenCov,0.8857465965573221,64,lora
Cars,model.visual.transformer.resblocks.0.mlp.c_proj.weight,15,EigenCov,0.9838564593157112,8,lora
Cars,model.visual.transformer.resblocks.0.mlp.c_proj.weight,15,EigenCov,0.9761861871839344,32,lora
Cars,model.visual.transformer.resblocks.0.mlp.c_proj.weight,15,EigenCov,0.959859081966361,64,lora
Cars,model.visual.transformer.resblocks.1.mlp.c_fc.weight,21,EigenCov,0.9451383654810358,8,lora
Cars,model.visual.transformer.resblocks.1.mlp.c_fc.weight,21,EigenCov,0.9250970467467517,32,lora
Cars,model.visual.transformer.resblocks.1.mlp.c_fc.weight,21,EigenCov,0.8837131733504185,64,lora
Cars,model.visual.transformer.resblocks.1.mlp.c_proj.weight,23,EigenCov,0.9851803263696727,8,lora
Cars,model.visual.transformer.resblocks.1.mlp.c_proj.weight,23,EigenCov,0.963692466885223,32,lora
Cars,model.visual.transformer.resblocks.1.mlp.c_proj.weight,23,EigenCov,0.940046448676942,64,lora
Cars,model.visual.transformer.resblocks.2.mlp.c_fc.weight,29,EigenCov,0.9224755001995233,8,lora
Cars,model.visual.transformer.resblocks.2.mlp.c_fc.weight,29,EigenCov,0.9194084431422831,32,lora
Cars,model.visual.transformer.resblocks.2.mlp.c_fc.weight,29,EigenCov,0.8712424621818277,64,lora
Cars,model.visual.transformer.resblocks.2.mlp.c_proj.weight,31,EigenCov,0.9817615617862199,8,lora
Cars,model.visual.transformer.resblocks.2.mlp.c_proj.weight,31,EigenCov,0.9496632325256258,32,lora
Cars,model.visual.transformer.resblocks.2.mlp.c_proj.weight,31,EigenCov,0.9320290967381902,64,lora
Cars,model.visual.transformer.resblocks.3.mlp.c_fc.weight,37,EigenCov,0.9213308676798233,8,lora
Cars,model.visual.transformer.resblocks.3.mlp.c_fc.weight,37,EigenCov,0.9216163550218206,32,lora
Cars,model.visual.transformer.resblocks.3.mlp.c_fc.weight,37,EigenCov,0.8690654532203723,64,lora
Cars,model.visual.transformer.resblocks.3.mlp.c_proj.weight,39,EigenCov,0.9686826997624823,8,lora
Cars,model.visual.transformer.resblocks.3.mlp.c_proj.weight,39,EigenCov,0.9451222665707728,32,lora
Cars,model.visual.transformer.resblocks.3.mlp.c_proj.weight,39,EigenCov,0.9336306243165766,64,lora
Cars,model.visual.transformer.resblocks.4.mlp.c_fc.weight,45,EigenCov,0.9145141597701912,8,lora
Cars,model.visual.transformer.resblocks.4.mlp.c_fc.weight,45,EigenCov,0.9207748113193389,32,lora
Cars,model.visual.transformer.resblocks.4.mlp.c_fc.weight,45,EigenCov,0.8677040447368072,64,lora
Cars,model.visual.transformer.resblocks.4.mlp.c_proj.weight,47,EigenCov,0.9824234416501665,8,lora
Cars,model.visual.transformer.resblocks.4.mlp.c_proj.weight,47,EigenCov,0.9565611862690517,32,lora
Cars,model.visual.transformer.resblocks.4.mlp.c_proj.weight,47,EigenCov,0.9389493685142564,64,lora
Cars,model.visual.transformer.resblocks.5.mlp.c_fc.weight,53,EigenCov,0.9135289064620951,8,lora
Cars,model.visual.transformer.resblocks.5.mlp.c_fc.weight,53,EigenCov,0.9106918491694791,32,lora
Cars,model.visual.transformer.resblocks.5.mlp.c_fc.weight,53,EigenCov,0.8658970043553942,64,lora
Cars,model.visual.transformer.resblocks.5.mlp.c_proj.weight,55,EigenCov,0.9669119269596197,8,lora
Cars,model.visual.transformer.resblocks.5.mlp.c_proj.weight,55,EigenCov,0.9574654083954908,32,lora
Cars,model.visual.transformer.resblocks.5.mlp.c_proj.weight,55,EigenCov,0.9354298479259395,64,lora
DTD,model.visual.transformer.resblocks.0.mlp.c_fc.weight,13,EigenCov,0.9656191844655,8,lora
DTD,model.visual.transformer.resblocks.0.mlp.c_fc.weight,13,EigenCov,0.9289776354026161,32,lora
DTD,model.visual.transformer.resblocks.0.mlp.c_fc.weight,13,EigenCov,0.8875687392459,64,lora
DTD,model.visual.transformer.resblocks.0.mlp.c_proj.weight,15,EigenCov,0.9878437300835851,8,lora
DTD,model.visual.transformer.resblocks.0.mlp.c_proj.weight,15,EigenCov,0.9710548205267027,32,lora
DTD,model.visual.transformer.resblocks.0.mlp.c_proj.weight,15,EigenCov,0.9574241954182423,64,lora
DTD,model.visual.transformer.resblocks.1.mlp.c_fc.weight,21,EigenCov,0.9432591933490689,8,lora
DTD,model.visual.transformer.resblocks.1.mlp.c_fc.weight,21,EigenCov,0.915573146087292,32,lora
DTD,model.visual.transformer.resblocks.1.mlp.c_fc.weight,21,EigenCov,0.8829559330444364,64,lora
DTD,model.visual.transformer.resblocks.1.mlp.c_proj.weight,23,EigenCov,0.9853761964445393,8,lora
DTD,model.visual.transformer.resblocks.1.mlp.c_proj.weight,23,EigenCov,0.9618810175024292,32,lora
DTD,model.visual.transformer.resblocks.1.mlp.c_proj.weight,23,EigenCov,0.9404688579316118,64,lora
DTD,model.visual.transformer.resblocks.2.mlp.c_fc.weight,29,EigenCov,0.9207205043287183,8,lora
DTD,model.visual.transformer.resblocks.2.mlp.c_fc.weight,29,EigenCov,0.9201122874989819,32,lora
DTD,model.visual.transformer.resblocks.2.mlp.c_fc.weight,29,EigenCov,0.8715423074863913,64,lora
DTD,model.visual.transformer.resblocks.2.mlp.c_proj.weight,31,EigenCov,0.9781547619308952,8,lora
DTD,model.visual.transformer.resblocks.2.mlp.c_proj.weight,31,EigenCov,0.954099770215906,32,lora
DTD,model.visual.transformer.resblocks.2.mlp.c_proj.weight,31,EigenCov,0.9366023637334584,64,lora
DTD,model.visual.transformer.resblocks.3.mlp.c_fc.weight,37,EigenCov,0.9320010107500093,8,lora
DTD,model.visual.transformer.resblocks.3.mlp.c_fc.weight,37,EigenCov,0.9218462474603765,32,lora
DTD,model.visual.transformer.resblocks.3.mlp.c_fc.weight,37,EigenCov,0.8683787156448229,64,lora
DTD,model.visual.transformer.resblocks.3.mlp.c_proj.weight,39,EigenCov,0.9724117440097375,8,lora
DTD,model.visual.transformer.resblocks.3.mlp.c_proj.weight,39,EigenCov,0.9478268834949585,32,lora
DTD,model.visual.transformer.resblocks.3.mlp.c_proj.weight,39,EigenCov,0.9345334994338615,64,lora
DTD,model.visual.transformer.resblocks.4.mlp.c_fc.weight,45,EigenCov,0.9295910038836368,8,lora
DTD,model.visual.transformer.resblocks.4.mlp.c_fc.weight,45,EigenCov,0.9207315589137657,32,lora
DTD,model.visual.transformer.resblocks.4.mlp.c_fc.weight,45,EigenCov,0.8680850934015032,64,lora
DTD,model.visual.transformer.resblocks.4.mlp.c_proj.weight,47,EigenCov,0.9846809381733141,8,lora
DTD,model.visual.transformer.resblocks.4.mlp.c_proj.weight,47,EigenCov,0.9655676679526584,32,lora
DTD,model.visual.transformer.resblocks.4.mlp.c_proj.weight,47,EigenCov,0.9437308044972283,64,lora
DTD,model.visual.transformer.resblocks.5.mlp.c_fc.weight,53,EigenCov,0.930704297191358,8,lora
DTD,model.visual.transformer.resblocks.5.mlp.c_fc.weight,53,EigenCov,0.9136600589177044,32,lora
DTD,model.visual.transformer.resblocks.5.mlp.c_fc.weight,53,EigenCov,0.8662116484031595,64,lora
DTD,model.visual.transformer.resblocks.5.mlp.c_proj.weight,55,EigenCov,0.9822981921283203,8,lora
DTD,model.visual.transformer.resblocks.5.mlp.c_proj.weight,55,EigenCov,0.9661992818653105,32,lora
DTD,model.visual.transformer.resblocks.5.mlp.c_proj.weight,55,EigenCov,0.9355631883967364,64,lora
EuroSAT,model.visual.transformer.resblocks.0.mlp.c_fc.weight,13,EigenCov,0.9609112191481854,8,lora
EuroSAT,model.visual.transformer.resblocks.0.mlp.c_fc.weight,13,EigenCov,0.9337459179703828,32,lora
EuroSAT,model.visual.transformer.resblocks.0.mlp.c_fc.weight,13,EigenCov,0.8815544541177406,64,lora
EuroSAT,model.visual.transformer.resblocks.0.mlp.c_proj.weight,15,EigenCov,0.9898988096416924,8,lora
EuroSAT,model.visual.transformer.resblocks.0.mlp.c_proj.weight,15,EigenCov,0.9805859120327465,32,lora
EuroSAT,model.visual.transformer.resblocks.0.mlp.c_proj.weight,15,EigenCov,0.9646351296889878,64,lora
EuroSAT,model.visual.transformer.resblocks.1.mlp.c_fc.weight,21,EigenCov,0.940190955705076,8,lora
EuroSAT,model.visual.transformer.resblocks.1.mlp.c_fc.weight,21,EigenCov,0.9231653921673274,32,lora
EuroSAT,model.visual.transformer.resblocks.1.mlp.c_fc.weight,21,EigenCov,0.8766562218999614,64,lora
EuroSAT,model.visual.transformer.resblocks.1.mlp.c_proj.weight,23,EigenCov,0.9822236005107683,8,lora
EuroSAT,model.visual.transformer.resblocks.1.mlp.c_proj.weight,23,EigenCov,0.958217656809047,32,lora
EuroSAT,model.visual.transformer.resblocks.1.mlp.c_proj.weight,23,EigenCov,0.9419203490212303,64,lora
EuroSAT,model.visual.transformer.resblocks.2.mlp.c_fc.weight,29,EigenCov,0.9320737778243982,8,lora
EuroSAT,model.visual.transformer.resblocks.2.mlp.c_fc.weight,29,EigenCov,0.9163785209047162,32,lora
EuroSAT,model.visual.transformer.resblocks.2.mlp.c_fc.weight,29,EigenCov,0.8637215891047451,64,lora
EuroSAT,model.visual.transformer.resblocks.2.mlp.c_proj.weight,31,EigenCov,0.9777182668106308,8,lora
EuroSAT,model.visual.transformer.resblocks.2.mlp.c_proj.weight,31,EigenCov,0.9588711652396569,32,lora
EuroSAT,model.visual.transformer.resblocks.2.mlp.c_proj.weight,31,EigenCov,0.9423730387812206,64,lora
EuroSAT,model.visual.transformer.resblocks.3.mlp.c_fc.weight,37,EigenCov,0.9482660617669334,8,lora
EuroSAT,model.visual.transformer.resblocks.3.mlp.c_fc.weight,37,EigenCov,0.9145229605078017,32,lora
EuroSAT,model.visual.transformer.resblocks.3.mlp.c_fc.weight,37,EigenCov,0.8589371933731328,64,lora
EuroSAT,model.visual.transformer.resblocks.3.mlp.c_proj.weight,39,EigenCov,0.9688771745984596,8,lora
EuroSAT,model.visual.transformer.resblocks.3.mlp.c_proj.weight,39,EigenCov,0.9540324767710067,32,lora
EuroSAT,model.visual.transformer.resblocks.3.mlp.c_proj.weight,39,EigenCov,0.9385777303324169,64,lora
EuroSAT,model.visual.transformer.resblocks.4.mlp.c_fc.weight,45,EigenCov,0.937408312729149,8,lora
EuroSAT,model.visual.transformer.resblocks.4.mlp.c_fc.weight,45,EigenCov,0.9069914609824921,32,lora
EuroSAT,model.visual.transformer.resblocks.4.mlp.c_fc.weight,45,EigenCov,0.8551767188890961,64,lora
EuroSAT,model.visual.transformer.resblocks.4.mlp.c_proj.weight,47,EigenCov,0.9883249801743805,8,lora
EuroSAT,model.visual.transformer.resblocks.4.mlp.c_proj.weight,47,EigenCov,0.966667760153964,32,lora
EuroSAT,model.visual.transformer.resblocks.4.mlp.c_proj.weight,47,EigenCov,0.950474553828745,64,lora
EuroSAT,model.visual.transformer.resblocks.5.mlp.c_fc.weight,53,EigenCov,0.9323567966668218,8,lora
EuroSAT,model.visual.transformer.resblocks.5.mlp.c_fc.weight,53,EigenCov,0.9016495205790201,32,lora
EuroSAT,model.visual.transformer.resblocks.5.mlp.c_fc.weight,53,EigenCov,0.8544729817316125,64,lora
EuroSAT,model.visual.transformer.resblocks.5.mlp.c_proj.weight,55,EigenCov,0.9898320528271352,8,lora
EuroSAT,model.visual.transformer.resblocks.5.mlp.c_proj.weight,55,EigenCov,0.9565901643075252,32,lora
EuroSAT,model.visual.transformer.resblocks.5.mlp.c_proj.weight,55,EigenCov,0.9337021895208802,64,lora
GTSRB,model.visual.transformer.resblocks.0.mlp.c_fc.weight,13,EigenCov,0.9609776539845375,8,lora
GTSRB,model.visual.transformer.resblocks.0.mlp.c_fc.weight,13,EigenCov,0.9323324336492905,32,lora
GTSRB,model.visual.transformer.resblocks.0.mlp.c_fc.weight,13,EigenCov,0.8798033453965309,64,lora
GTSRB,model.visual.transformer.resblocks.0.mlp.c_proj.weight,15,EigenCov,0.9819459479717656,8,lora
GTSRB,model.visual.transformer.resblocks.0.mlp.c_proj.weight,15,EigenCov,0.9762033593548816,32,lora
GTSRB,model.visual.transformer.resblocks.0.mlp.c_proj.weight,15,EigenCov,0.9620968037204388,64,lora
GTSRB,model.visual.transformer.resblocks.1.mlp.c_fc.weight,21,EigenCov,0.939090756177702,8,lora
GTSRB,model.visual.transformer.resblocks.1.mlp.c_fc.weight,21,EigenCov,0.924191858685697,32,lora
GTSRB,model.visual.transformer.resblocks.1.mlp.c_fc.weight,21,EigenCov,0.8741984162726276,64,lora
GTSRB,model.visual.transformer.resblocks.1.mlp.c_proj.weight,23,EigenCov,0.9813593036817815,8,lora
GTSRB,model.visual.transformer.resblocks.1.mlp.c_proj.weight,23,EigenCov,0.9629830415729663,32,lora
GTSRB,model.visual.transformer.resblocks.1.mlp.c_proj.weight,23,EigenCov,0.9435306040635563,64,lora
GTSRB,model.visual.transformer.resblocks.2.mlp.c_fc.weight,29,EigenCov,0.9239884757860409,8,lora
GTSRB,model.visual.transformer.resblocks.2.mlp.c_fc.weight,29,EigenCov,0.9120805411687662,32,lora
GTSRB,model.visual.transformer.resblocks.2.mlp.c_fc.weight,29,EigenCov,0.8624567898524403,64,lora
GTSRB,model.visual.transformer.resblocks.2.mlp.c_proj.weight,31,EigenCov,0.9778750701965925,8,lora
GTSRB,model.visual.transformer.resblocks.2.mlp.c_proj.weight,31,EigenCov,0.9646809399753719,32,lora
GTSRB,model.visual.transformer.resblocks.2.mlp.c_proj.weight,31,EigenCov,0.9485365255972493,64,lora
GTSRB,model.visual.transformer.resblocks.3.mlp.c_fc.weight,37,EigenCov,0.9348174614374887,8,lora
GTSRB,model.visual.transformer.resblocks.3.mlp.c_fc.weight,37,EigenCov,0.9085386735848358,32,lora
GTSRB,model.visual.transformer.resblocks.3.mlp.c_fc.weight,37,EigenCov,0.8576122125651411,64,lora
GTSRB,model.visual.transformer.resblocks.3.mlp.c_proj.weight,39,EigenCov,0.9755625154003453,8,lora
GTSRB,model.visual.transformer.resblocks.3.mlp.c_proj.weight,39,EigenCov,0.9497270915363357,32,lora
GTSRB,model.visual.transformer.resblocks.3.mlp.c_proj.weight,39,EigenCov,0.9386269076944409,64,lora
GTSRB,model.visual.transformer.resblocks.4.mlp.c_fc.weight,45,EigenCov,0.9302483760527096,8,lora
GTSRB,model.visual.transformer.resblocks.4.mlp.c_fc.weight,45,EigenCov,0.9058078690999556,32,lora
GTSRB,model.visual.transformer.resblocks.4.mlp.c_fc.weight,45,EigenCov,0.8572084724942025,64,lora
GTSRB,model.visual.transformer.resblocks.4.mlp.c_proj.weight,47,EigenCov,0.9867552290976687,8,lora
GTSRB,model.visual.transformer.resblocks.4.mlp.c_proj.weight,47,EigenCov,0.9595506465788243,32,lora
GTSRB,model.visual.transformer.resblocks.4.mlp.c_proj.weight,47,EigenCov,0.9449226725073956,64,lora
GTSRB,model.visual.transformer.resblocks.5.mlp.c_fc.weight,53,EigenCov,0.9155750779565236,8,lora
GTSRB,model.visual.transformer.resblocks.5.mlp.c_fc.weight,53,EigenCov,0.8971050128639093,32,lora
GTSRB,model.visual.transformer.resblocks.5.mlp.c_fc.weight,53,EigenCov,0.8537846504452566,64,lora
GTSRB,model.visual.transformer.resblocks.5.mlp.c_proj.weight,55,EigenCov,0.9861109507089431,8,lora
GTSRB,model.visual.transformer.resblocks.5.mlp.c_proj.weight,55,EigenCov,0.9579493416379969,32,lora
GTSRB,model.visual.transformer.resblocks.5.mlp.c_proj.weight,55,EigenCov,0.9353526667883184,64,lora
MNIST,model.visual.transformer.resblocks.0.mlp.c_fc.weight,13,EigenCov,0.9594501893787831,8,lora
MNIST,model.visual.transformer.resblocks.0.mlp.c_fc.weight,13,EigenCov,0.9311509882881224,32,lora
MNIST,model.visual.transformer.resblocks.0.mlp.c_fc.weight,13,EigenCov,0.8737810917143399,64,lora
MNIST,model.visual.transformer.resblocks.0.mlp.c_proj.weight,15,EigenCov,0.9858771945319241,8,lora
MNIST,model.visual.transformer.resblocks.0.mlp.c_proj.weight,15,EigenCov,0.982085042556438,32,lora
MNIST,model.visual.transformer.resblocks.0.mlp.c_proj.weight,15,EigenCov,0.9626432947450305,64,lora
MNIST,model.visual.transformer.resblocks.1.mlp.c_fc.weight,21,EigenCov,0.9327506833379234,8,lora
MNIST,model.visual.transformer.resblocks.1.mlp.c_fc.weight,21,EigenCov,0.918290856791825,32,lora
MNIST,model.visual.transformer.resblocks.1.mlp.c_fc.weight,21,EigenCov,0.8613351968997335,64,lora
MNIST,model.visual.transformer.resblocks.1.mlp.c_proj.weight,23,EigenCov,0.980939122123917,8,lora
MNIST,model.visual.transformer.resblocks.1.mlp.c_proj.weight,23,EigenCov,0.958867623479399,32,lora
MNIST,model.visual.transformer.resblocks.1.mlp.c_proj.weight,23,EigenCov,0.9336131693886977,64,lora
MNIST,model.visual.transformer.resblocks.2.mlp.c_fc.weight,29,EigenCov,0.9292182604480139,8,lora
MNIST,model.visual.transformer.resblocks.2.mlp.c_fc.weight,29,EigenCov,0.9097208702284827,32,lora
MNIST,model.visual.transformer.resblocks.2.mlp.c_fc.weight,29,EigenCov,0.8536008424655925,64,lora
MNIST,model.visual.transformer.resblocks.2.mlp.c_proj.weight,31,EigenCov,0.9723507828028749,8,lora
MNIST,model.visual.transformer.resblocks.2.mlp.c_proj.weight,31,EigenCov,0.9617702569998197,32,lora
MNIST,model.visual.transformer.resblocks.2.mlp.c_proj.weight,31,EigenCov,0.9401212013028581,64,lora
MNIST,model.visual.transformer.resblocks.3.mlp.c_fc.weight,37,EigenCov,0.928426516041279,8,lora
MNIST,model.visual.transformer.resblocks.3.mlp.c_fc.weight,37,EigenCov,0.9062063707919993,32,lora
MNIST,model.visual.transformer.resblocks.3.mlp.c_fc.weight,37,EigenCov,0.8513038498477172,64,lora
MNIST,model.visual.transformer.resblocks.3.mlp.c_proj.weight,39,EigenCov,0.9786177665900594,8,lora
MNIST,model.visual.transformer.resblocks.3.mlp.c_proj.weight,39,EigenCov,0.9561945604193288,32,lora
MNIST,model.visual.transformer.resblocks.3.mlp.c_proj.weight,39,EigenCov,0.938558226347787,64,lora
MNIST,model.visual.transformer.resblocks.4.mlp.c_fc.weight,45,EigenCov,0.9279661945338253,8,lora
MNIST,model.visual.transformer.resblocks.4.mlp.c_fc.weight,45,EigenCov,0.8984622046621152,32,lora
MNIST,model.visual.transformer.resblocks.4.mlp.c_fc.weight,45,EigenCov,0.84727601140317,64,lora
MNIST,model.visual.transformer.resblocks.4.mlp.c_proj.weight,47,EigenCov,0.989089034455463,8,lora
MNIST,model.visual.transformer.resblocks.4.mlp.c_proj.weight,47,EigenCov,0.9610942100948416,32,lora
MNIST,model.visual.transformer.resblocks.4.mlp.c_proj.weight,47,EigenCov,0.9476441993276825,64,lora
MNIST,model.visual.transformer.resblocks.5.mlp.c_fc.weight,53,EigenCov,0.9279601842739938,8,lora
MNIST,model.visual.transformer.resblocks.5.mlp.c_fc.weight,53,EigenCov,0.8903401971083584,32,lora
MNIST,model.visual.transformer.resblocks.5.mlp.c_fc.weight,53,EigenCov,0.8458442519711538,64,lora
MNIST,model.visual.transformer.resblocks.5.mlp.c_proj.weight,55,EigenCov,0.9786482471934906,8,lora
MNIST,model.visual.transformer.resblocks.5.mlp.c_proj.weight,55,EigenCov,0.9636580152172601,32,lora
MNIST,model.visual.transformer.resblocks.5.mlp.c_proj.weight,55,EigenCov,0.9445333517247049,64,lora
SVHN,model.visual.transformer.resblocks.0.mlp.c_fc.weight,13,EigenCov,0.95937634904371,8,lora
SVHN,model.visual.transformer.resblocks.0.mlp.c_fc.weight,13,EigenCov,0.9354830977138299,32,lora
SVHN,model.visual.transformer.resblocks.0.mlp.c_fc.weight,13,EigenCov,0.8869381610035262,64,lora
SVHN,model.visual.transformer.resblocks.0.mlp.c_proj.weight,15,EigenCov,0.9883493431919119,8,lora
SVHN,model.visual.transformer.resblocks.0.mlp.c_proj.weight,15,EigenCov,0.9824270907364927,32,lora
SVHN,model.visual.transformer.resblocks.0.mlp.c_proj.weight,15,EigenCov,0.9672202045078561,64,lora
SVHN,model.visual.transformer.resblocks.1.mlp.c_fc.weight,21,EigenCov,0.9472517230942953,8,lora
SVHN,model.visual.transformer.resblocks.1.mlp.c_fc.weight,21,EigenCov,0.921625155759431,32,lora
SVHN,model.visual.transformer.resblocks.1.mlp.c_fc.weight,21,EigenCov,0.873295465264352,64,lora
SVHN,model.visual.transformer.resblocks.1.mlp.c_proj.weight,23,EigenCov,0.9807075124682665,8,lora
SVHN,model.visual.transformer.resblocks.1.mlp.c_proj.weight,23,EigenCov,0.9659535051686285,32,lora
SVHN,model.visual.transformer.resblocks.1.mlp.c_proj.weight,23,EigenCov,0.9525326416076515,64,lora
SVHN,model.visual.transformer.resblocks.2.mlp.c_fc.weight,29,EigenCov,0.9270640116026864,8,lora
SVHN,model.visual.transformer.resblocks.2.mlp.c_fc.weight,29,EigenCov,0.9076698690609752,32,lora
SVHN,model.visual.transformer.resblocks.2.mlp.c_fc.weight,29,EigenCov,0.8598922814920729,64,lora
SVHN,model.visual.transformer.resblocks.2.mlp.c_proj.weight,31,EigenCov,0.9806036208340358,8,lora
SVHN,model.visual.transformer.resblocks.2.mlp.c_proj.weight,31,EigenCov,0.9659055304160448,32,lora
SVHN,model.visual.transformer.resblocks.2.mlp.c_proj.weight,31,EigenCov,0.9484261042056674,64,lora
SVHN,model.visual.transformer.resblocks.3.mlp.c_fc.weight,37,EigenCov,0.9432169068781114,8,lora
SVHN,model.visual.transformer.resblocks.3.mlp.c_fc.weight,37,EigenCov,0.907623826177623,32,lora
SVHN,model.visual.transformer.resblocks.3.mlp.c_fc.weight,37,EigenCov,0.8560268497677903,64,lora
SVHN,model.visual.transformer.resblocks.3.mlp.c_proj.weight,39,EigenCov,0.9814610487946437,8,lora
SVHN,model.visual.transformer.resblocks.3.mlp.c_proj.weight,39,EigenCov,0.9516640050931127,32,lora
SVHN,model.visual.transformer.resblocks.3.mlp.c_proj.weight,39,EigenCov,0.9407280256651185,64,lora
SVHN,model.visual.transformer.resblocks.4.mlp.c_fc.weight,45,EigenCov,0.9306317447691062,8,lora
SVHN,model.visual.transformer.resblocks.4.mlp.c_fc.weight,45,EigenCov,0.9030311290577916,32,lora
SVHN,model.visual.transformer.resblocks.4.mlp.c_fc.weight,45,EigenCov,0.8534558906732067,64,lora
SVHN,model.visual.transformer.resblocks.4.mlp.c_proj.weight,47,EigenCov,0.9889015358139331,8,lora
SVHN,model.visual.transformer.resblocks.4.mlp.c_proj.weight,47,EigenCov,0.9644623167740002,32,lora
SVHN,model.visual.transformer.resblocks.4.mlp.c_proj.weight,47,EigenCov,0.9549773180935806,64,lora
SVHN,model.visual.transformer.resblocks.5.mlp.c_fc.weight,53,EigenCov,0.9237607298688536,8,lora
SVHN,model.visual.transformer.resblocks.5.mlp.c_fc.weight,53,EigenCov,0.8949880061643235,32,lora
SVHN,model.visual.transformer.resblocks.5.mlp.c_fc.weight,53,EigenCov,0.8501770963076375,64,lora
SVHN,model.visual.transformer.resblocks.5.mlp.c_proj.weight,55,EigenCov,0.9902962380730519,8,lora
SVHN,model.visual.transformer.resblocks.5.mlp.c_proj.weight,55,EigenCov,0.9456804694526255,32,lora
SVHN,model.visual.transformer.resblocks.5.mlp.c_proj.weight,55,EigenCov,0.9304504123480279,64,lora
